{"PS_Id": [0, 1, 2, 3, 4, 5, 6, 7, 8, 9, 10, 11, 12, 13, 14, 15, 16, 17, 18, 19, 20, 21, 22], "PS_Lat": [43.706134, 43.6973858, 43.6615374, 43.6982937, 43.669197399999995, 43.749603099999995, 43.7510656, 43.6543664, 43.6371691, 43.6511778, 43.6517166, 43.670978999999996, 43.637838099999996, 43.7305133, 43.7628494, 43.7719181, 43.635384099999996, 43.775681, 43.7893694, 43.7163361, 43.775182, 43.694438999999996, 43.7509343], "PS_Long": [-79.4004779, -79.3537618, -79.3854838, -79.4366776, -79.3172883, -79.28854009999999, -79.3497412, -79.3893844, -79.41790379999999, -79.42569999999999, -79.36257069999999, -79.46051779999999, -79.3859727, -79.2771722, -79.3606592, -79.41527839999999, -79.4180042, -79.26943159999999, -79.23992, -79.5090896, -79.2688019, -79.4870098, -79.2706525]}